borrower_segment,total_loans,avg_credit_score,avg_dti,avg_income,delinquent_loans,avg_prob_default,total_lgd,delinquency_rate
Deep Subprime,584,431.5890410958904,0.2821626712328767,66835.04623287672,311,0.2472904109589041,8156839,0.5325
Near-Prime,2459,752.2269215128101,0.24960512403416021,58251.36478243188,192,0.04060854005693371,4363314,0.0781
Prime,694,792.2204610951009,0.2215922190201729,100561.89481268011,32,0.01887449567723343,295246,0.0461
Subprime,1263,672.4615993665875,0.3627893903404592,69898.1377672209,317,0.10792327790973871,6555725,0.251
